{
    "src": {
        "psnr": 12.54806900024414,
        "ssim": 0.5358999371528625,
        "lpips": 0.8205711841583252
    },
    "tgt5": {
        "psnr": 10.754707336425781,
        "ssim": 0.7142484784126282,
        "lpips": 0.8161302804946899
    },
    "tgt10": {
        "psnr": 12.339510917663574,
        "ssim": 0.626672625541687,
        "lpips": 0.5700756311416626
    },
    "tgt_rand": {
        "psnr": 13.195924758911133,
        "ssim": 0.6103752851486206,
        "lpips": 0.8074159622192383
    }
}