{
    "src": {
        "psnr": 13.67660903930664,
        "ssim": 0.5611828565597534,
        "lpips": 0.7840365171432495
    },
    "tgt5": {
        "psnr": 11.649761199951172,
        "ssim": 0.5698487758636475,
        "lpips": 0.8286358118057251
    },
    "tgt10": {
        "psnr": 11.566526412963867,
        "ssim": 0.7845755219459534,
        "lpips": 0.8303654789924622
    },
    "tgt_rand": {
        "psnr": 12.130223274230957,
        "ssim": 0.6886409521102905,
        "lpips": 0.8231015801429749
    }
}