{
    "src": {
        "psnr": 10.075065612792969,
        "ssim": 0.5534244179725647,
        "lpips": 0.8323038816452026
    },
    "tgt5": {
        "psnr": 11.542957305908203,
        "ssim": 0.6596439480781555,
        "lpips": 0.828596830368042
    },
    "tgt10": {
        "psnr": 12.167610168457031,
        "ssim": 0.6158684492111206,
        "lpips": 0.8217050433158875
    },
    "tgt_rand": {
        "psnr": 10.601757049560547,
        "ssim": 0.7631571292877197,
        "lpips": 0.7804004549980164
    }
}