{
    "src": {
        "psnr": 39.2083314259847,
        "ssim": 0.9867527484893799,
        "lpips": 0.017438435383761924
    },
    "tgt5": {
        "psnr": 18.743465741475422,
        "ssim": 0.6094280381997427,
        "lpips": 0.28917095934351283
    },
    "tgt10": {
        "psnr": 17.92925771077474,
        "ssim": 0.6047656486431757,
        "lpips": 0.3063538769880931
    },
    "tgt_rand": {
        "psnr": 20.274433453877766,
        "ssim": 0.6702328249812126,
        "lpips": 0.2853106493130326
    }
}