{
    "src": {
        "psnr": 39.23952102661133,
        "ssim": 0.9864218086004257,
        "lpips": 0.017445965980490048
    },
    "tgt5": {
        "psnr": 18.752564271291096,
        "ssim": 0.6158045530319214,
        "lpips": 0.2996404767036438
    },
    "tgt10": {
        "psnr": 17.80053432782491,
        "ssim": 0.606688842177391,
        "lpips": 0.312012143433094
    },
    "tgt_rand": {
        "psnr": 18.686137119928997,
        "ssim": 0.6072481100757917,
        "lpips": 0.3213647815088431
    }
}