{
    "src": {
        "psnr": 39.28923797607422,
        "ssim": 0.9869582404692968,
        "lpips": 0.017087911643708747
    },
    "tgt5": {
        "psnr": 18.762293736139934,
        "ssim": 0.6198370382189751,
        "lpips": 0.2840452579160531
    },
    "tgt10": {
        "psnr": 18.235990285873413,
        "ssim": 0.6207820102572441,
        "lpips": 0.29302901153763133
    },
    "tgt_rand": {
        "psnr": 20.5315199693044,
        "ssim": 0.679830975830555,
        "lpips": 0.24891754736502966
    }
}