{
    "src": {
        "psnr": 13.758898735046387,
        "ssim": 0.6959614753723145,
        "lpips": 0.7836855053901672
    },
    "tgt5": {
        "psnr": 10.22763442993164,
        "ssim": 0.558202862739563,
        "lpips": 0.8237395286560059
    },
    "tgt10": {
        "psnr": 12.131925582885742,
        "ssim": 0.5524418354034424,
        "lpips": 0.812247633934021
    },
    "tgt_rand": {
        "psnr": 13.194757461547852,
        "ssim": 0.5621389150619507,
        "lpips": 0.8133851289749146
    }
}