{
    "src": {
        "psnr": 39.63193834744967,
        "ssim": 0.9886767268180847,
        "lpips": 0.017126237543729637
    },
    "tgt5": {
        "psnr": 20.222704227154072,
        "ssim": 0.6717692865775182,
        "lpips": 0.2426518568625817
    },
    "tgt10": {
        "psnr": 19.511186893169697,
        "ssim": 0.657888460617799,
        "lpips": 0.2510976172410525
    },
    "tgt_rand": {
        "psnr": 16.725534732525166,
        "ssim": 0.5726312146737025,
        "lpips": 0.3718861868748298
    }
}