{
    "src": {
        "psnr": 11.780299186706543,
        "ssim": 0.5881756544113159,
        "lpips": 0.8196549415588379
    },
    "tgt5": {
        "psnr": 11.521127700805664,
        "ssim": 0.5468571186065674,
        "lpips": 0.8353307843208313
    },
    "tgt10": {
        "psnr": 11.9517240524292,
        "ssim": 0.6509310603141785,
        "lpips": 0.8165620565414429
    },
    "tgt_rand": {
        "psnr": 11.259458541870117,
        "ssim": 0.6236782670021057,
        "lpips": 0.8449783325195312
    }
}