{
    "src": {
        "psnr": 39.40100948627178,
        "ssim": 0.9853091606727014,
        "lpips": 0.017580350717672937
    },
    "tgt5": {
        "psnr": 21.34396010178786,
        "ssim": 0.7154121674024142,
        "lpips": 0.2311768256700956
    },
    "tgt10": {
        "psnr": 17.42536471440242,
        "ssim": 0.6006531990491427,
        "lpips": 0.3556062298325392
    },
    "tgt_rand": {
        "psnr": 15.91051380450909,
        "ssim": 0.534080140865766,
        "lpips": 0.4434059571761351
    }
}