{
    "src": {
        "psnr": 39.23121088201349,
        "ssim": 0.9902360818602822,
        "lpips": 0.017546439543366432
    },
    "tgt5": {
        "psnr": 26.557077407836914,
        "ssim": 0.8608687736771323,
        "lpips": 0.09788449853658676
    },
    "tgt10": {
        "psnr": 23.04245307228782,
        "ssim": 0.7821159308606928,
        "lpips": 0.15172491358085113
    },
    "tgt_rand": {
        "psnr": 16.76801924272017,
        "ssim": 0.5598891458728097,
        "lpips": 0.406483686783097
    }
}