{
    "src": {
        "psnr": 12.281618118286133,
        "ssim": 0.6281654238700867,
        "lpips": 0.8039026260375977
    },
    "tgt5": {
        "psnr": 12.61335563659668,
        "ssim": 0.6443623900413513,
        "lpips": 0.8265436887741089
    },
    "tgt10": {
        "psnr": 10.007684707641602,
        "ssim": 0.7207417488098145,
        "lpips": 0.7821709513664246
    },
    "tgt_rand": {
        "psnr": 13.145598411560059,
        "ssim": 0.5544829368591309,
        "lpips": 0.8144046068191528
    }
}